{"cameraMode":{"drawMode":0,"name":"Shaded","section":"Shading Mode"},"sceneLighting":false,"audioPlay":false,"sceneViewState":{"m_AlwaysRefresh":false,"showFog":true,"showSkybox":false,"showFlares":true,"showImageEffects":true,"showParticleSystems":true,"showVisualEffectGraphs":true,"m_FxEnabled":true},"in2DMode":false,"pivot":{"x":0.24261674284934998,"y":0.32023507356643679,"z":0.051645874977111819},"rotation":{"x":-0.1731002926826477,"y":0.016236452385783197,"z":-0.00285171321593225,"w":-0.9847742915153503},"size":0.8660284876823425,"orthographic":false}