{"cameraMode":{"drawMode":0,"name":"Shaded","section":"Shading Mode"},"sceneLighting":false,"audioPlay":false,"sceneViewState":{"m_AlwaysRefresh":false,"showFog":true,"showSkybox":false,"showFlares":true,"showImageEffects":true,"showParticleSystems":true,"showVisualEffectGraphs":true,"m_FxEnabled":true},"in2DMode":false,"pivot":{"x":0.24545562267303468,"y":-1.498819351196289,"z":0.9291634559631348},"rotation":{"x":-0.1699337363243103,"y":-0.05172573775053024,"z":0.00892914179712534,"w":-0.9840646386146545},"size":3.5480992794036867,"orthographic":false}