{"cameraMode":{"drawMode":0,"name":"Shaded","section":"Shading Mode"},"sceneLighting":false,"audioPlay":false,"sceneViewState":{"m_AlwaysRefresh":false,"showFog":true,"showSkybox":true,"showFlares":true,"showImageEffects":true,"showParticleSystems":true,"showVisualEffectGraphs":true,"m_FxEnabled":true},"in2DMode":false,"pivot":{"x":367.7749328613281,"y":265.4580993652344,"z":16.906625747680665},"rotation":{"x":0.04885730519890785,"y":0.02995893731713295,"z":-0.0014783113729208708,"w":0.9983837604522705},"size":347.6174621582031,"orthographic":false}