{"cameraMode":{"drawMode":0,"name":"Shaded","section":"Shading Mode"},"sceneLighting":false,"audioPlay":false,"sceneViewState":{"m_AlwaysRefresh":false,"showFog":true,"showSkybox":true,"showFlares":true,"showImageEffects":true,"showParticleSystems":true,"showVisualEffectGraphs":true,"m_FxEnabled":true},"in2DMode":false,"pivot":{"x":2354.798095703125,"y":61.450042724609378,"z":-2753.669677734375},"rotation":{"x":-0.05277476832270622,"y":-0.20933160185813905,"z":0.011314140632748604,"w":-0.9763551950454712},"size":614.2213134765625,"orthographic":true}