{"cameraMode":{"drawMode":0,"name":"Shaded","section":"Shading Mode"},"sceneLighting":false,"audioPlay":false,"sceneViewState":{"m_AlwaysRefresh":false,"showFog":true,"showSkybox":false,"showFlares":true,"showImageEffects":true,"showParticleSystems":true,"showVisualEffectGraphs":true,"m_FxEnabled":true},"in2DMode":false,"pivot":{"x":-0.7303287982940674,"y":-0.2390756607055664,"z":-0.43679046630859377},"rotation":{"x":-0.3564743101596832,"y":0.006992808543145657,"z":-0.0026709954254329206,"w":-0.9342843890190125},"size":6.959648132324219,"orthographic":false}