{"cameraMode":{"drawMode":0,"name":"Shaded","section":"Shading Mode"},"sceneLighting":false,"audioPlay":false,"sceneViewState":{"m_AlwaysRefresh":false,"showFog":true,"showSkybox":false,"showFlares":true,"showImageEffects":true,"showParticleSystems":true,"showVisualEffectGraphs":true,"m_FxEnabled":true},"in2DMode":false,"pivot":{"x":-1.381365180015564,"y":0.4896177351474762,"z":0.17679384350776673},"rotation":{"x":-0.04973394051194191,"y":-0.5449763536453247,"z":-0.03241272643208504,"w":0.8363626599311829},"size":1.6199780702590943,"orthographic":false}