{"cameraMode":{"drawMode":0,"name":"Shaded","section":"Shading Mode"},"sceneLighting":false,"audioPlay":false,"sceneViewState":{"m_AlwaysRefresh":false,"showFog":true,"showSkybox":false,"showFlares":true,"showImageEffects":true,"showParticleSystems":true,"showVisualEffectGraphs":true,"m_FxEnabled":true},"in2DMode":false,"pivot":{"x":-0.23146963119506837,"y":0.24373745918273927,"z":3.393599510192871},"rotation":{"x":-0.10779718309640885,"y":0.16325567662715913,"z":-0.01794869638979435,"w":-0.9805209040641785},"size":5.62256383895874,"orthographic":false}