{"cameraMode":{"drawMode":0,"name":"Shaded","section":"Shading Mode"},"sceneLighting":false,"audioPlay":false,"sceneViewState":{"m_AlwaysRefresh":false,"showFog":true,"showSkybox":false,"showFlares":true,"showImageEffects":true,"showParticleSystems":true,"showVisualEffectGraphs":true,"m_FxEnabled":true},"in2DMode":false,"pivot":{"x":0.09346222877502442,"y":-0.30943775177001955,"z":0.41465499997138979},"rotation":{"x":-0.27573132514953616,"y":0.6125073432922363,"z":-0.24110060930252076,"w":-0.700496256351471},"size":0.9027644991874695,"orthographic":false}