{"cameraMode":{"drawMode":0,"name":"Shaded","section":"Shading Mode"},"sceneLighting":false,"audioPlay":false,"sceneViewState":{"m_AlwaysRefresh":false,"showFog":true,"showSkybox":false,"showFlares":true,"showImageEffects":true,"showParticleSystems":true,"showVisualEffectGraphs":true,"m_FxEnabled":true},"in2DMode":false,"pivot":{"x":-0.001598358154296875,"y":0.4049999713897705,"z":-0.008546441793441773},"rotation":{"x":-0.2518177926540375,"y":0.12643548846244813,"z":-0.03320309519767761,"w":-0.9589112401008606},"size":1.0742872953414918,"orthographic":false}