{"cameraMode":{"drawMode":0,"name":"Shaded","section":"Shading Mode"},"sceneLighting":false,"audioPlay":false,"sceneViewState":{"m_AlwaysRefresh":false,"showFog":true,"showSkybox":false,"showFlares":true,"showImageEffects":true,"showParticleSystems":true,"showVisualEffectGraphs":true,"m_FxEnabled":true},"in2DMode":false,"pivot":{"x":-0.5038013458251953,"y":-2.1165380477905275,"z":2.341773509979248},"rotation":{"x":-0.24631379544734956,"y":-0.030537931248545648,"z":0.007764481473714113,"w":-0.9686866998672485},"size":5.291812896728516,"orthographic":false}