{"cameraMode":{"drawMode":0,"name":"Shaded","section":"Shading Mode"},"sceneLighting":false,"audioPlay":false,"sceneViewState":{"m_AlwaysRefresh":false,"showFog":true,"showSkybox":false,"showFlares":true,"showImageEffects":true,"showParticleSystems":true,"showVisualEffectGraphs":true,"m_FxEnabled":true},"in2DMode":false,"pivot":{"x":-5.712365627288818,"y":-2.719034194946289,"z":3.013620376586914},"rotation":{"x":0.23040609061717988,"y":0.22950808703899384,"z":-0.056017909198999408,"w":0.9439820051193237},"size":10.098085403442383,"orthographic":false}