{"cameraMode":{"drawMode":0,"name":"Shaded","section":"Shading Mode"},"sceneLighting":false,"audioPlay":false,"sceneViewState":{"m_AlwaysRefresh":false,"showFog":true,"showSkybox":false,"showFlares":true,"showImageEffects":true,"showParticleSystems":true,"showVisualEffectGraphs":true,"m_FxEnabled":true},"in2DMode":false,"pivot":{"x":0.8199999928474426,"y":0.5199999809265137,"z":0.8999999761581421},"rotation":{"x":-0.5092490315437317,"y":0.00180431071203202,"z":-0.0010685315355658532,"w":-0.8606244921684265},"size":0.8539490699768066,"orthographic":false}