{"cameraMode":{"drawMode":0,"name":"Shaded","section":"Shading Mode"},"sceneLighting":false,"audioPlay":false,"sceneViewState":{"m_AlwaysRefresh":false,"showFog":true,"showSkybox":true,"showFlares":true,"showImageEffects":true,"showParticleSystems":true,"showVisualEffectGraphs":true,"m_FxEnabled":true},"in2DMode":false,"pivot":{"x":44.90236282348633,"y":72.23210144042969,"z":-112.60326385498047},"rotation":{"x":-0.3814891576766968,"y":0.1364934891462326,"z":-0.057064298540353778,"w":-0.9124670624732971},"size":0.09334148466587067,"orthographic":false}