{"cameraMode":{"drawMode":0,"name":"Shaded","section":"Shading Mode"},"sceneLighting":false,"audioPlay":false,"sceneViewState":{"m_AlwaysRefresh":false,"showFog":true,"showSkybox":true,"showFlares":true,"showImageEffects":true,"showParticleSystems":true,"showVisualEffectGraphs":true,"m_FxEnabled":true},"in2DMode":false,"pivot":{"x":128.09323120117188,"y":136.55819702148438,"z":-92.65179443359375},"rotation":{"x":0.037481680512428287,"y":-0.023995470255613328,"z":-0.0008983026491478086,"w":-0.9990169405937195},"size":107.04314422607422,"orthographic":false}