{"cameraMode":{"drawMode":0,"name":"Shaded","section":"Shading Mode"},"sceneLighting":false,"audioPlay":false,"sceneViewState":{"m_AlwaysRefresh":false,"showFog":true,"showSkybox":true,"showFlares":true,"showImageEffects":true,"showParticleSystems":true,"showVisualEffectGraphs":true,"m_FxEnabled":true},"in2DMode":false,"pivot":{"x":312.29083251953127,"y":432.06317138671877,"z":-133.38165283203126},"rotation":{"x":0.10157205909490586,"y":-0.07009054720401764,"z":-0.007172172889113426,"w":-0.992338240146637},"size":137.71522521972657,"orthographic":false}