{"cameraMode":{"drawMode":0,"name":"Shaded","section":"Shading Mode"},"sceneLighting":false,"audioPlay":false,"sceneViewState":{"m_AlwaysRefresh":false,"showFog":true,"showSkybox":false,"showFlares":true,"showImageEffects":true,"showParticleSystems":true,"showVisualEffectGraphs":true,"m_FxEnabled":true},"in2DMode":false,"pivot":{"x":0.30158668756484988,"y":-0.19428527355194093,"z":0.38439297676086428},"rotation":{"x":0.31959837675094607,"y":-0.12934066355228425,"z":0.04409348964691162,"w":0.937658429145813},"size":2.303820848464966,"orthographic":false}