{"cameraMode":{"drawMode":0,"name":"Shaded","section":"Shading Mode"},"sceneLighting":false,"audioPlay":false,"sceneViewState":{"m_AlwaysRefresh":false,"showFog":true,"showSkybox":false,"showFlares":true,"showImageEffects":true,"showParticleSystems":true,"showVisualEffectGraphs":true,"m_FxEnabled":true},"in2DMode":false,"pivot":{"x":10.306927680969239,"y":-0.47042545676231387,"z":-3.2622013092041017},"rotation":{"x":0.39940133690834048,"y":0.1622748076915741,"z":-0.07206659764051438,"w":0.8994472622871399},"size":8.018026351928711,"orthographic":false}