{"cameraMode":{"drawMode":0,"name":"Shaded","section":"Shading Mode"},"sceneLighting":false,"audioPlay":false,"sceneViewState":{"m_AlwaysRefresh":false,"showFog":true,"showSkybox":false,"showFlares":true,"showImageEffects":true,"showParticleSystems":true,"showVisualEffectGraphs":true,"m_FxEnabled":true},"in2DMode":false,"pivot":{"x":0.018472891300916673,"y":0.013201381079852581,"z":-0.13782529532909394},"rotation":{"x":0.6051228642463684,"y":-0.01790914684534073,"z":0.013620579615235329,"w":0.7958312630653381},"size":0.6241823434829712,"orthographic":false}